Gene,Species,Site,Between exons,FST,Type,Pre-freq,Post-freq,CpG increased?
BMPER,CRA,46511099,"3,4",0.246,CpG,0.5,0.916666667,TRUE
BMPER,FOR,46576940,"12,13",0.402,CpG,0,0.357142857,TRUE
BMPER,FOR,46602867,"14,15",0.376,CpG,0.9375,0.583333333,FALSE
BMPER,FOR,46580935,"13,14",0.331,CpG,0,0.428571429,TRUE
BMPER,FOR,46584598,"9,10",0.328,CpG,1,0.714285714,FALSE
BMPER,FOR,46580828,"13,14",0.303,CpG,0.05,0.428571429,TRUE
BMPER,PAR,46513495,"3,4",0.258,CpG,1,0.833333333,FALSE
BMPER,PAR,46578649,"12,13",0.245,CpG,0.45,0.071428571,FALSE
NUDT4,CRA,28603313,"4,5",0.245,CpG,0.5,0.071428571,FALSE
NUDT4,FOR,28621591,"1,2",0.206,CpG,0.277777778,0,FALSE
NUDT4,PAR,28601647,5`UTR,0.319,CpG,0.409090909,0,FALSE
NUDT4,PAR,28614781,"1,2",0.25,CpG,0.333333333,0,FALSE
NUDT4,PAR,28601802,5`UTR,0.247,not CpG,,,FALSE
NUDT4,PAR,28600154,5`UTR,0.241,CpG,0.416666667,0.071428571,FALSE
TENM3,CRA,33849547,"4,5",0.656,CpG,0.3,1,TRUE
TENM3,FOR,33653784,"6,7",0.429,CpG,0.9375,0.416666667,FALSE
TENM3,FOR,33652266,"6,7",0.417,CpG,0,0.428571429,TRUE
TENM3,FOR,34069815,"3,4",0.412,CpG,0.214285714,0.6875,TRUE
TENM3,FOR,33149057,"12,13",0.348,CpG,1,0.583333333,FALSE
TENM3,PAR,34225827,"1,2",0.486,CpG,1,0.571428571,FALSE
TENM3,PAR,34235390,"1,2",0.408,CpG,1,0.642857143,FALSE
TENM3,PAR,34248653,"1,2",0.364,CpG,0.875,0.428571429,FALSE